Book,huff,
COSC351Book1.txt,1.0624406337738037,
COSC351Book10.txt,0.29244184494018555,
COSC351Book11.txt,0.2632453441619873,
COSC351Book12.txt,0.17914152145385742,
COSC351Book2.txt,0.151200532913208,
COSC351Book3.txt,0.3220667839050293,
COSC351Book4.txt,1.0574257373809814,
COSC351Book5.txt,0.31010866165161133,
COSC351Book6.txt,0.8070430755615234,
COSC351Book7.txt,0.22016692161560059,
COSC351Book8.txt,0.2118213176727295,
COSC351Book9.txt,0.19234728813171387,
