Book,huff,
COSC351Book1.txt,0.5657219171893442,
COSC351Book10.txt,0.543355174633859,
COSC351Book11.txt,0.5641217881701333,
COSC351Book12.txt,0.5595784452540596,
COSC351Book2.txt,0.5929575800543543,
COSC351Book3.txt,0.5487097668178392,
COSC351Book4.txt,0.5424126890383083,
COSC351Book5.txt,0.554748506773626,
COSC351Book6.txt,0.5301986520787181,
COSC351Book7.txt,0.5738221286123603,
COSC351Book8.txt,0.5426789460510459,
COSC351Book9.txt,0.5449050425473428,
