Book,huff,
COSC351Book1.txt,4.525773812265626,
COSC351Book10.txt,4.346836431885099,
COSC351Book11.txt,4.51297256582827,
COSC351Book12.txt,4.476624276848983,
COSC351Book2.txt,4.743637008153137,
COSC351Book3.txt,4.3896690693692975,
COSC351Book4.txt,4.339301512306466,
COSC351Book5.txt,4.437988054189008,
COSC351Book6.txt,4.2415880056319475,
COSC351Book7.txt,4.590572285155879,
COSC351Book8.txt,4.341421246706732,
COSC351Book9.txt,4.359228257356295,
