Book,huff,
COSC351Book1.txt,5.801133871078491,
COSC351Book10.txt,1.014009952545166,
COSC351Book11.txt,1.0921626091003418,
COSC351Book12.txt,0.5576214790344238,
COSC351Book2.txt,0.3448331356048584,
COSC351Book3.txt,1.2709345817565918,
COSC351Book4.txt,5.25633692741394,
COSC351Book5.txt,1.25862717628479,
COSC351Book6.txt,3.790614128112793,
COSC351Book7.txt,0.7616744041442871,
COSC351Book8.txt,0.7032272815704346,
COSC351Book9.txt,0.6358363628387451,
