Book,huff,
COSC351Book1.txt,3.1568620204925537,
COSC351Book10.txt,0.6288578510284424,
COSC351Book11.txt,0.6334574222564697,
COSC351Book12.txt,0.3601081371307373,
COSC351Book2.txt,0.23341822624206543,
COSC351Book3.txt,0.7901673316955566,
COSC351Book4.txt,3.1822924613952637,
COSC351Book5.txt,0.7407810688018799,
COSC351Book6.txt,2.3058314323425293,
COSC351Book7.txt,0.47209787368774414,
COSC351Book8.txt,0.4667396545410156,
COSC351Book9.txt,0.416520357131958,
