Book,huff,
COSC351Book1.txt,2.539916515350342,
COSC351Book10.txt,0.531196117401123,
COSC351Book11.txt,0.5268785953521729,
COSC351Book12.txt,0.32340312004089355,
COSC351Book2.txt,0.2363297939300537,
COSC351Book3.txt,0.6576404571533203,
COSC351Book4.txt,2.378009080886841,
COSC351Book5.txt,0.6301243305206299,
COSC351Book6.txt,1.7851619720458984,
COSC351Book7.txt,0.4628298282623291,
COSC351Book8.txt,0.3717520236968994,
COSC351Book9.txt,0.31350088119506836,
